state,federal_income_tax_change,federal_ctc_change,federal_eitc_change,state_income_tax_change,state_eitc_change,state_ctc_change,total_state_change,year
CO,-8804773727.246536,1902317528.35968,73199151.5810744,-2244848917.529517,18299787.8952686,0.0,-2226549129.6342487,2026
MO,-9014394155.221949,1742870202.7470398,82632594.11755943,-2111476557.7054784,16526519.706239128,0.0,-2094950037.999239,2026
SC,-9403357724.156157,2219875552.083664,177448883.3870821,-1879826258.4057736,221809820.6154429,0.0,-1658016437.7903306,2026
UT,-5479090759.222785,1577688097.9614258,82150292.00582938,-1644282091.147433,16430058.44248858,0.0,-1627852032.7049444,2026
IA,-5390412066.914002,1275970506.0888672,49285985.03280923,-966114079.52634,7392897.667968061,0.0,-958721181.858372,2026
ID,-3322288072.381772,808531047.1502686,38097690.8067438,-805843774.8444297,0.0,5866187.362747192,-799977587.4816825,2026
ME,-2463243062.429859,441533732.0996094,49416253.89624214,-783960347.949672,24708126.94812107,0.0,-759252221.0015509,2026
NM,-3313609180.823677,953401803.1420898,82794577.69717982,-685632343.4148965,28362400.370417863,0.0,-657269943.0444787,2026
DC,-1156219903.4550643,179284343.84277344,10251581.439609766,-552508362.927618,28547999.602363944,0.0,-523960363.3252541,2026
NE,-3496156651.9808664,836921221.9497919,46779496.80180979,-106235498.45005664,4677949.621757666,0.0,-101557548.82829896,2026
ND,-1167176008.6284556,188156101.68731695,572988.669160678,-67377458.1731779,0.0,0.0,-67377458.1731779,2026
NC,-16720375277.482529,3635480081.8424416,138942151.22628158,-15144251.501746727,0.0,0.0,-15144251.501746727,2026
MI,-14709209565.76456,2758817631.257324,223491956.02844304,-67047603.46946979,67047587.3935302,0.0,-16.07593959569931,2026
NY,-14772905488.54481,3367576006.1123657,336975983.1087376,-94372861.01108134,94372858.98077936,0.0,-2.0303019881248474,2026
IL,-15143778029.381737,3265477902.9319,127534504.78652668,-25506902.32942229,25506901.85217987,0.0,-0.4772424213588238,2026
CT,-6981176994.354553,1370891204.2234802,44399426.806593314,-17759771.35645386,17759771.27515561,0.0,-0.0812982469797134,2026
RI,-1709512158.5092387,374517065.16864777,14637183.076005217,-2341949.249558998,2341949.233293788,0.0,-0.0162652097642421,2026
AK,-1269677254.7922006,269011794.27734375,12785985.63561523,0.0,0.0,0.0,0.0,2026
AR,-4807661593.997183,1378778952.364502,6664058.116863666,0.0,0.0,0.0,0.0,2026
AZ,-10938809929.475887,2482143480.5789185,223460499.54081297,0.0,0.0,0.0,0.0,2026
FL,-19983244877.78644,5724775841.455803,732991271.8483753,0.0,0.0,0.0,0.0,2026
MN,-8507402738.374379,1955962372.6745603,11147802.744681085,0.0,0.0,0.0,0.0,2026
MS,-3764152288.371612,1106288859.3359375,71445105.91704735,0.0,0.0,0.0,0.0,2026
NH,-2588676574.2994246,353301740.5239868,38335525.60800609,0.0,0.0,0.0,0.0,2026
NV,-4731793489.80278,968024934.2904664,139448081.70451248,0.0,0.0,0.0,0.0,2026
SD,-1701058468.0667915,419509268.93066406,1300397.7619903795,0.0,0.0,0.0,0.0,2026
TN,-10172241388.346504,2962437748.5668945,160614137.3705504,0.0,0.0,0.0,0.0,2026
TX,-38813373849.77142,11784568023.47994,175148257.06099397,0.0,0.0,0.0,0.0,2026
WA,-11284876368.466026,2185909694.1654587,94682278.52956147,-15960211.610810472,15960211.610810472,0.0,0.0,2026
WI,-10388204398.690683,2554955155.003052,166935023.12178248,0.0,0.0,0.0,0.0,2026
WY,-1010798567.6421171,145153238.64959717,34808307.63257991,0.0,0.0,0.0,0.0,2026
IN,-10424046960.509216,2642013861.224878,49592460.99209455,-4959246.096385466,4959246.14233507,0.0,0.0459496043622493,2026
HI,-2705437699.2109385,456394655.0430298,80508528.85904273,-32203412.425535433,32203412.5372932,0.0,0.1117577664554119,2026
PA,-17845322019.442993,4094359160.9204674,151500172.94737434,-15150015.403952586,15150017.30207399,0.0,1.8981214053928852,2026
MT,-2033146893.351204,375680987.0993042,8631761.780960672,-1715082.7311258432,1726352.3526428756,0.0,11269.621517032385,2026
CA,-31789584270.79127,10961334113.190338,513148864.0398227,231713.29082787037,0.0,0.0,231713.29082787037,2026
KY,-6620814833.837819,1334455235.1141355,35530330.36582993,913815.7613903956,0.0,0.0,913815.7613903956,2026
NJ,-12434435319.050268,3024377724.5188904,18292094.016256407,-75680414.03865618,76848192.03627326,0.0,1167777.9976170808,2026
VT,-1024351429.315095,229190834.65026855,3458776.3946575713,-2037596.907686193,3458776.3946575713,0.0,1421179.4869713783,2026
DE,-2071611981.309347,316232458.027935,30448247.424075976,-2089229.3229986555,3971924.860703064,0.0,1882695.5377044084,2026
LA,-6103509553.850689,1486092960.6417084,28795906.74630112,2658933.9177089497,1439795.366073353,0.0,4098729.2837823024,2026
WV,-2660034226.9530725,636327297.3693848,34276357.62238455,4485440.5019072,0.0,0.0,4485440.5019072,2026
KS,-5216522771.647621,1265213577.2709656,35476919.788763285,4490617.208438068,6031076.283228466,0.0,10521693.491666531,2026
MA,-7795168858.634715,2448843496.6116333,80838648.22403985,-11099022.90629766,32335460.073635414,0.0,21236437.16733776,2026
OH,-18854374901.239876,5159520478.397787,152964573.1189227,0.0,45889373.19783201,0.0,45889373.19783201,2026
MD,-10472746772.631285,1997091374.9298096,44820683.453849114,49527295.54691313,36196300.23760273,0.0,85723595.78451586,2026
OK,-5706844569.585551,1478771450.482483,14814397.516620569,14652909.83509484,0.0,89403156.0836279,104056065.91872272,2026
VA,-12708306421.550734,2686987859.607315,64134467.6463982,169580497.7977522,-2558472.145734379,0.0,167022025.65201783,2026
OR,-6867549645.921531,1417885002.605114,50698062.55406802,188308210.87891617,4562825.425642816,0.0,192871036.30455896,2026
AL,-7406537382.435109,2266698458.916626,127026017.37511232,214330734.31896,0.0,0.0,214330734.31896,2026
GA,-17763784929.706966,3883261920.257778,231238906.9771893,366807875.566272,0.0,0.0,366807875.566272,2026
CO,-9326559557.611303,1922633932.6290896,71493396.37718979,-2335193768.962144,17873349.094297446,0.0,-2317320419.8678465,2027
MO,-9370520724.96996,1767280246.9043505,91365899.93274376,-2194094092.1725597,18273180.326217595,0.0,-2175820911.846342,2027
SC,-9793496257.28637,2266895508.9026947,199901428.41664648,-1968110031.4699144,249867074.9359871,0.0,-1718242956.5339274,2027
UT,-5638329017.620786,1611577274.2653809,87945236.74430636,-1707731782.225772,17589047.68879889,0.0,-1690142734.536973,2027
IA,-5581939761.15119,1297051371.621399,52885496.44228238,-1013793689.740014,7932824.504033485,0.0,-1005860865.2359804,2027
ID,-3446786142.714944,828099428.805481,41148629.10237098,-839668912.9586761,0.0,5899439.050292969,-833769473.9083831,2027
ME,-2570820007.5633464,450196992.60498047,53653034.38709074,-810098691.2914447,26826517.19354537,0.0,-783272174.0978993,2027
NM,-3436646912.9422035,983285750.6298828,80438051.54703125,-715597992.0039693,28268169.439208828,0.0,-687329822.5647604,2027
DC,-1202381426.0295444,174219653.44677734,10950648.412349096,-579697118.0126169,28999018.911945455,0.0,-550698099.1006714,2027
NE,-3629516242.4989185,854979319.6004884,49502867.2561067,-95066626.49723864,4950286.757388102,0.0,-90116339.73985057,2027
ND,-1215561961.0536563,190077423.4255371,604010.5119635016,-73006900.17147797,0.0,0.0,-73006900.17147797,2027
NC,-17550934041.77533,3708778965.163744,148743488.65832543,-11890334.92638816,0.0,0.0,-11890334.92638816,2027
MI,-15134880783.234655,2764501812.989258,243389124.78349933,-73016742.07905896,73016739.4592476,0.0,-2.6198113560676575,2027
NY,-14728131841.622477,3353221262.499649,361066090.6948943,-101763351.55679315,101763349.0054363,0.0,-2.551356852054596,2027
PA,-18553519703.614735,4206067265.251171,165530684.5709979,-16553072.061865045,16553069.74583096,0.0,-2.316034086048603,2027
IL,-15604386672.418552,3323601812.9445343,140361942.79430938,-28072389.59579111,28072389.01606814,0.0,-0.5797229707241058,2027
AK,-1323735458.923797,272848626.05371094,13862986.045839071,0.0,0.0,0.0,0.0,2027
AR,-5001536661.534847,1415108129.579773,5330176.130392608,0.0,0.0,0.0,0.0,2027
AZ,-11298305113.648829,2547988652.7154846,239606539.1593521,0.0,0.0,0.0,0.0,2027
FL,-20361590358.01301,5787898293.321721,812570459.5319637,0.0,0.0,0.0,0.0,2027
MN,-8831481908.089346,1994411471.8605957,11923046.779898891,0.0,0.0,0.0,0.0,2027
MS,-3929468606.1826873,1133024874.1672363,76914243.20276949,0.0,0.0,0.0,0.0,2027
NH,-2664282774.5670385,353946449.10046387,41340795.44478943,0.0,0.0,0.0,0.0,2027
NV,-4926989373.706339,988799271.3916016,148571343.09765628,0.0,0.0,0.0,0.0,2027
RI,-1774180452.0128522,381800794.993145,15856140.6840249,-2536982.490205158,2536982.490205158,0.0,0.0,2027
SD,-1762442952.259023,435590700.2302246,1379490.1129231674,0.0,0.0,0.0,0.0,2027
TN,-10544550446.099571,3025642492.6193237,178636387.99056417,0.0,0.0,0.0,0.0,2027
TX,-40164449691.564865,12052368428.051151,185373673.20222855,0.0,0.0,0.0,0.0,2027
WA,-11782529875.119867,2216416693.885872,108210906.91257057,-19109303.581922296,19109303.581922296,0.0,0.0,2027
WI,-10849365711.51984,2613921048.7579346,187821057.90974444,0.0,0.0,0.0,0.0,2027
WY,-1045867161.699466,144942818.02581787,37225583.47129003,0.0,0.0,0.0,0.0,2027
IN,-10810344540.235577,2716230653.032425,53160625.0254334,-5316062.434071757,5316062.491339502,0.0,0.0572677450254559,2027
HI,-2799535916.65137,465576965.73291016,85621478.14129418,-34248591.5033047,34248591.57893028,0.0,0.0756255835294723,2027
CT,-7310354415.694587,1398926044.8374023,48893384.09302312,-19557354.28799065,19557354.38610154,0.0,0.0981108918786048,2027
MT,-2116656509.704938,381685172.3229981,9369165.44912171,-1861221.9184826592,1873833.112785762,0.0,12611.194303102791,2027
CA,-32557206753.210873,11030153235.554815,567070215.3666744,241652.57459959388,0.0,0.0,241652.57459959388,2027
KY,-6915228568.441277,1362209716.8129883,37923159.268889286,949351.108931765,0.0,0.0,949351.108931765,2027
DE,-2146654830.9202275,319332068.50535583,32562720.08623503,-3001495.1484054523,4291559.1215445,0.0,1290063.9731390476,2027
NJ,-12705813445.630735,3105133016.4246063,19634246.53664327,-81190678.76759791,82504448.87878627,0.0,1313770.111188352,2027
VT,-1073435010.6184922,236569719.4350586,3708597.001882849,-2022056.3484632163,3708597.001882849,0.0,1686540.6534196325,2027
LA,-6326361348.869002,1518331849.257698,30305742.583083566,2973373.0718085305,1515287.1871252526,0.0,4488660.258933783,2027
WV,-2772495654.264935,649272809.0634766,37963834.71536407,4653780.268391609,0.0,0.0,4653780.268391609,2027
KS,-5439721028.269817,1301507523.626297,37394275.17817418,2224664.0719473544,6357026.8160535665,0.0,8581690.88800092,2027
MA,-7994932484.638098,2503753051.907318,86547629.1308351,-12454876.96731161,34619052.16533478,0.0,22164175.198023178,2027
OH,-19587554233.910957,5280589701.520287,163698303.68445355,0.0,49109492.847650744,0.0,49109492.847650744,2027
MD,-10707527641.621738,1982954192.754608,44392947.39704411,48994163.09537,39781950.80160916,0.0,88776113.89697915,2027
OK,-5915281835.688425,1510976061.744751,16139721.48616652,20617319.378601387,0.0,85557206.3953229,106174525.77392428,2027
VA,-13127591492.27103,2765406734.876999,68422489.99488516,193686210.2021498,-4309240.471935798,0.0,189376969.730214,2027
OR,-7126787856.140889,1455005367.694034,53505775.786781505,191505901.04782975,4815519.776936336,0.0,196321420.8247661,2027
AL,-7683776942.18892,2329726265.192383,136089612.23607892,223954406.4238191,0.0,0.0,223954406.4238191,2027
GA,-18403667417.83333,3941238884.9736977,247364744.6413864,386894795.7725636,0.0,0.0,386894795.7725636,2027
CO,-9721494591.658382,2047755923.682251,65925487.10688174,-2306836345.4519405,16481371.776720434,0.0,-2290354973.67522,2028
MO,-9766004315.585478,1878407722.042948,90938570.0718414,-2257577994.7558355,18187714.13342917,0.0,-2239390280.6224065,2028
SC,-10171903329.066229,2383180854.7821884,196885883.14640343,-2047043769.9261184,246111398.35699737,0.0,-1800932371.5691214,2028
UT,-5870198507.950141,1713718807.9541016,90294641.0918784,-1765059800.4257348,18058928.712670147,0.0,-1747000871.713065,2028
IA,-5771461402.209364,1354327933.375244,53283482.499993965,-1057498968.2410668,7992522.903427983,0.0,-1049506445.3376389,2028
ID,-3591970219.430176,878617217.5599365,38320093.318555534,-872410862.8055354,0.0,5926746.347808838,-866484116.4577266,2028
ME,-2673083580.171943,473790653.19140625,51663280.63831258,-824794994.921087,25831640.31915629,0.0,-798963354.6019307,2028
NM,-3555566857.455635,1046890623.1165771,68234715.87353897,-739720531.8656383,25739936.21331817,0.0,-713980595.6523201,2028
DC,-1257432873.28438,179152010.453125,11212570.932367444,-601955042.0603554,26395100.941565067,0.0,-575559941.1187904,2028
NE,-3767893321.978844,906252857.5507356,51240804.04203924,-91999094.34657197,5124080.453188002,0.0,-86875013.89338396,2028
ND,-1281288156.7677412,206269918.5,622426.0204031654,-78621836.67335601,0.0,0.0,-78621836.67335601,2028
NC,-18381521767.991055,3857315827.001667,154625302.240938,-11938621.082767757,0.0,0.0,-11938621.082767757,2028
NY,-14971486600.62565,3688975059.258087,367315860.0218874,-1473776627.4230669,103813668.43409158,1369962931.7637265,-27.22524881362915,2028
MI,-15631941032.30654,2919016151.1862793,242545569.6978742,-72763689.48583488,72763674.6338723,0.0,-14.851962581276894,2028
HI,-2883990102.171828,499923103.5238037,86319571.8662146,-34527831.52015047,34527830.040338315,0.0,-1.479812152683735,2028
AK,-1388906817.9796877,286848941.0058594,14363689.292233856,0.0,0.0,0.0,0.0,2028
AR,-5224221347.551893,1511332282.9715576,5139224.371719787,0.0,0.0,0.0,0.0,2028
AZ,-11730506049.236332,2727805845.1153564,229873871.0900454,0.0,0.0,0.0,0.0,2028
CA,-33606146838.48613,11865268018.020117,534561729.9828459,0.0,0.0,0.0,0.0,2028
FL,-21329507301.437897,6231349917.896162,800132281.3462466,0.0,0.0,0.0,0.0,2028
MN,-9207568493.711384,2124536867.744751,11762801.753112704,0.0,0.0,0.0,0.0,2028
MS,-4115094976.791523,1209412853.3984375,78088315.78426537,0.0,0.0,0.0,0.0,2028
NH,-2755342204.1335535,359952413.666687,40106754.35603922,0.0,0.0,0.0,0.0,2028
NV,-5133449944.543816,1058312467.4105223,147562380.30960706,0.0,0.0,0.0,0.0,2028
RI,-1855144839.5802724,399032889.47577,16142264.867736654,-2582762.304190508,2582762.304190508,0.0,0.0,2028
SD,-1819907867.2427735,455687420.576416,1415652.556362302,0.0,0.0,0.0,0.0,2028
TN,-11021598888.383678,3243140297.702942,178627875.35322818,0.0,0.0,0.0,0.0,2028
TX,-41973072548.113525,12885998016.242573,194605109.99344745,0.0,0.0,0.0,0.0,2028
WA,-12345610043.526342,2352543693.584923,106479787.69072872,-21671576.32010747,21671576.32010747,0.0,0.0,2028
WI,-11345945815.184565,2757326499.6870117,186413806.8513521,0.0,0.0,0.0,0.0,2028
WY,-1081345176.711594,148960732.28375244,36760644.398928374,0.0,0.0,0.0,0.0,2028
IN,-11215957071.835133,2906662085.2649665,54244132.372594826,-5424413.251204674,5424413.295264844,0.0,0.0440601697191596,2028
CT,-7631615520.949313,1483734866.7435913,48190632.405478,-19276253.583562378,19276253.852058023,0.0,0.26849564909935,2028
IL,-16303081386.937288,3562125642.1755066,140329791.33608022,-28065959.165580235,28065959.628216192,0.0,0.4626359567046165,2028
PA,-19417510279.11268,4433215666.317013,163249035.3461197,-16324903.094715212,16324904.822318148,0.0,1.7276029363274574,2028
MT,-2194818278.3506327,400495190.94744873,8644626.903448686,-1716062.495444933,1728925.4185649622,0.0,12862.92312002927,2028
DE,-2224502935.7643147,339936672.0214844,32337583.708793968,-3597309.37308044,4134847.504642181,0.0,537538.1315617412,2028
KY,-7252328214.2806,1482551731.1640017,39313322.237756416,985191.0053836108,0.0,0.0,985191.0053836108,2028
VT,-1126567101.6804972,251843963.923584,3881605.5017039943,-2088971.674664596,3881605.5017039943,0.0,1792633.8270393985,2028
NJ,-13163609753.627468,3244949312.558319,20067346.246237904,-82438032.3437421,84614781.95132011,0.0,2176749.60757801,2028
WV,-2882619919.080377,678137750.5830078,37491963.65419912,4800526.603753746,0.0,0.0,4800526.603753746,2028
LA,-6608848277.387277,1623854101.8820343,31625887.587556902,3325991.6545805866,1581294.4397889744,0.0,4907286.0943695605,2028
KS,-5680798530.118567,1391135712.130066,36859252.89920992,-419805.4926866626,6266073.292110655,0.0,5846267.799423993,2028
MA,-8291111020.478872,2644310485.3101196,86567159.63788068,-11563887.280542,34626864.36708663,0.0,23062977.086544625,2028
OH,-20410442064.852253,5628640087.850027,167405772.6177232,0.0,50221733.27003636,0.0,50221733.27003636,2028
MD,-11005798934.76862,2103482189.1504977,46081308.60936891,49707077.60430792,44340361.24914875,0.0,94047438.85345668,2028
OK,-6159525907.251905,1619753684.3513184,15622077.875191946,18253476.64556534,0.0,90301764.3284363,108555240.97400165,2028
VA,-13669018034.664608,2986095012.7625504,71352874.74023694,201474879.77816057,-3932291.5723300064,0.0,197542588.20583057,2028
OR,-7441694532.370156,1559605294.7997274,55224775.385653906,197906196.24061435,4970229.584399033,0.0,202876425.8250134,2028
AL,-7984609030.287239,2460104310.4324036,134781269.9551244,234759638.4559466,0.0,0.0,234759638.4559466,2028
GA,-19095969391.61251,4203818173.844955,249970267.8539466,418015020.3940203,0.0,0.0,418015020.3940203,2028
CO,-10280383281.35518,2065818380.3948977,59428947.884337746,-2416158390.041442,14857236.971084436,0.0,-2401301153.0703573,2029
MO,-10475519845.885824,1880307830.38871,90575768.95176274,-2331826569.609428,18115154.170202,0.0,-2313711415.439226,2029
SC,-10942605232.528675,2422241246.6480103,194256972.51179963,-2171491751.2101474,242828165.8491205,0.0,-1928663585.3610268,2029
UT,-6107729676.5148115,1748078032.0162964,92717891.41252562,-1821288831.6773088,18543578.125317294,0.0,-1802745253.5519912,2029
IA,-6201273664.470575,1368031690.3658447,54127879.841425166,-1172624133.1024926,8119182.423728432,0.0,-1164504950.678764,2029
ID,-3741434298.7035937,896726703.0079956,34901484.76351863,-906496571.5686724,0.0,5949657.894287109,-900546913.6743853,2029
ME,-2831650548.7084503,481585133.8449707,47059515.64899546,-844496712.9500744,23529757.82449773,0.0,-820966955.1255767,2029
NM,-3697919449.457876,1072529180.1435548,55167138.64756629,-764739860.7313604,22988951.05921398,0.0,-741750909.6721464,2029
DC,-1317724014.1761456,173589101.9416504,11485520.886948198,-626047601.8527625,24005910.188199237,0.0,-602041691.6645632,2029
ND,-1353535119.3503222,208485649.6114502,641248.4355910048,-84307160.37474501,0.0,0.0,-84307160.37474501,2029
NE,-3940907638.048493,920840218.5199285,53003926.25234369,-83011339.53004785,5300392.627083417,0.0,-77710946.90296443,2029
NC,-20635934768.422447,3902366363.508377,160575777.44547385,-11951829.428873047,0.0,0.0,-11951829.428873047,2029
IL,-16989424101.716513,3602372441.91687,136387303.38982153,-27277461.312534627,27277460.967843913,0.0,-0.3446907140314579,2029
CT,-7964960870.864498,1508833287.0456543,47657515.99838483,-19063005.97593883,19063005.778046723,0.0,-0.1978921070694923,2029
HI,-3051410554.1238003,508410558.9548645,87150837.60972027,-34860336.29833931,34860336.18170885,0.0,-0.1166304573416709,2029
AK,-1473375477.6853275,290044020.41015625,15002839.960113168,0.0,0.0,0.0,0.0,2029
AR,-5495512160.899196,1545826763.8597412,2554893.5803188737,0.0,0.0,0.0,0.0,2029
AZ,-12220365722.335596,2788909025.8786316,221981255.8375216,0.0,0.0,0.0,0.0,2029
CA,-33872142267.560112,11906835639.086472,522671844.5977374,0.0,0.0,0.0,0.0,2029
FL,-22050267037.279697,6272390117.278038,785851643.7882555,0.0,0.0,0.0,0.0,2029
MN,-9630677126.397614,2153350956.2160645,11633644.088531803,0.0,0.0,0.0,0.0,2029
MS,-4387666896.848193,1231971150.5705566,78917512.65246576,0.0,0.0,0.0,0.0,2029
NH,-2915785162.0506573,358979202.2733154,39011238.30597097,0.0,0.0,0.0,0.0,2029
NV,-5422067761.311799,1079198518.7494507,148159789.55064428,0.0,0.0,0.0,0.0,2029
RI,-2024008814.6604216,405789768.2012567,16382962.291841926,-2621273.9094301825,2621273.9094301825,0.0,0.0,2029
SD,-1904518552.153932,471269150.50634766,1516187.9142969442,0.0,0.0,0.0,0.0,2029
TN,-11668751315.220415,3296491489.8481445,177580033.13444597,0.0,0.0,0.0,0.0,2029
TX,-43820464417.597626,13197509432.703651,199986066.9178412,0.0,0.0,0.0,0.0,2029
WA,-12897260097.407166,2367567740.508835,104270379.52251291,-29356405.400241666,29356405.400241666,0.0,0.0,2029
WI,-12192163268.852512,2811439400.07605,185451203.7086781,0.0,0.0,0.0,0.0,2029
WY,-1132589653.3104117,147738280.00524902,36391512.622484975,0.0,0.0,0.0,0.0,2029
IN,-11762244395.331934,2975048513.4224777,55410388.51991045,-5541038.915053919,5541038.976626337,0.0,0.0615724176168441,2029
MI,-16206903076.245665,2906808360.1856384,241708034.1505608,-72512412.6654958,72512412.99955872,0.0,0.3340629190206527,2029
PA,-20520908055.117256,4493732774.601875,160968094.63173956,-16096806.013412926,16096810.135895846,0.0,4.122482920065522,2029
NY,-15146086453.39012,3754965094.929291,373928851.55168617,-1464969960.8479414,105979330.96730016,1358990727.368635,97.4879937171936,2029
MT,-2337888498.958118,405324752.1828003,7407987.821720972,-1471403.2575936397,1481597.5613779728,0.0,10194.30378433317,2029
DE,-2331575363.428955,343328222.8096523,32105966.22883239,-3451589.796699998,3975153.7893297942,0.0,523563.99262979627,2029
KY,-7650042242.255136,1507389747.283844,41173355.10342522,1043297.4850879164,0.0,0.0,1043297.4850879164,2029
VT,-1222185614.396502,258949037.34887695,4054843.4025307153,-2255279.590455406,4054843.4025307153,0.0,1799563.8120753097,2029
KS,-6024777090.176318,1426257108.8828125,36901855.7977807,-3826243.502018595,6273315.298791513,0.0,2447071.7967729173,2029
NJ,-13423834045.31364,3286523284.7375946,20524137.954702623,-117225938.91527691,120317937.5847296,0.0,3091998.6694526672,2029
WV,-3033411821.281673,686513040.8666992,37135505.05916504,3517590.529735863,0.0,0.0,3517590.529735863,2029
LA,-7008576310.808451,1655464779.3049316,32949942.065630008,2647052.035685337,1647497.1334235298,0.0,4294549.169108867,2029
MA,-8598122990.435936,2668174235.599945,86805122.74296293,-10757650.849870954,34722049.64728184,0.0,23964398.797410887,2029
OH,-21710954538.56296,5752135920.546791,171221631.2763621,-5520.140493063256,51366490.864517726,0.0,51360970.72402466,2029
MD,-11359119829.75724,2077411804.4873352,47470142.90682232,51078544.00580305,48609035.632573195,0.0,99687579.63837624,2029
OK,-6419488504.240095,1649736220.250122,15644665.25409254,15575836.76935695,0.0,91394640.86945406,106970477.638811,2029
VA,-14380851228.43226,3116129783.201765,73504502.76385604,207398319.61032927,-3661104.276068532,0.0,203737215.33426073,2029
OR,-7887931866.273434,1594693158.573002,57590854.917570725,224132309.4930724,5183176.923590727,0.0,229315486.4166631,2029
AL,-8467826684.197472,2516875370.196075,133701905.14948247,257380835.61699307,0.0,0.0,257380835.61699307,2029
GA,-20110794864.737232,4244588264.201408,252446173.1848439,433592541.74134785,0.0,0.0,433592541.74134785,2029
CO,-10783279988.660439,2198859847.5759583,59531122.016818546,-2505828121.298673,14882780.504204636,0.0,-2490945340.7944684,2030
MO,-11247433615.923607,2024585610.606266,90444984.80638632,-2402069508.920967,18088996.786912728,0.0,-2383980512.134054,2030
SC,-11414143028.2766,2569440042.392273,190856765.12145603,-2271962478.943545,238561059.24821046,0.0,-2033401419.6953344,2030
UT,-6336304214.980342,1857412147.678955,95060410.72626536,-1871356189.088261,19012082.490201406,0.0,-1852344106.5980594,2030
IA,-6721590665.939376,1451866983.709961,54949058.084839866,-1285866975.1216478,8242359.051685993,0.0,-1277624616.0699618,2030
ID,-4066960293.982973,955844205.1450806,34827508.909182906,-998308759.9894843,0.0,5971420.826416016,-992337339.1630683,2030
ME,-2957089262.062515,509204740.75878906,45217526.72281009,-868033628.94213,22608763.361405045,0.0,-845424865.580725,2030
NM,-3953183694.183238,1136822046.3093262,39246926.59193465,-812855922.61986,19551578.3471488,0.0,-793304344.2727113,2030
DC,-1468038430.217104,183638120.64794922,11743768.127152644,-600048263.8340943,21212698.064141348,0.0,-578835565.7699529,2030
ND,-1407402456.6121223,225296086.6240235,659742.1308253966,-90727329.57625541,0.0,0.0,-90727329.57625541,2030
NE,-4167658418.241148,976311564.1603575,54761858.62922495,-91104467.84343253,5476186.040967663,0.0,-85628281.80246487,2030
NC,-21593949629.384495,4138417000.739464,166628544.66511926,-11495320.377887458,0.0,0.0,-11495320.377887458,2030
NY,-17335674716.470684,4286386990.4576416,379818592.93027294,-1509155129.917254,107933824.15463239,1401221255.831119,-49.9315025806427,2030
MI,-17123067198.614925,3136736141.7024536,238625135.64054835,-71587551.14680327,71587543.49678001,0.0,-7.650023266673088,2030
PA,-22381591890.22324,4768871610.371536,158071100.02660674,-15807110.561998188,15807110.396617986,0.0,-0.16538020223379135,2030
CT,-8325582640.822038,1600630922.888794,46703959.86695287,-18681584.69829591,18681584.642360386,0.0,-0.05593552440404892,2030
AK,-1542250611.1418002,310396271.4609375,15595634.019066274,0.0,0.0,0.0,0.0,2030
AR,-5756295963.106245,1643758627.0700684,2484654.430642003,0.0,0.0,0.0,0.0,2030
AZ,-12656975168.797342,2969699605.345215,214582492.1526035,0.0,0.0,0.0,0.0,2030
CA,-40570568098.3904,12859711472.786293,512728973.06082475,0.0,0.0,0.0,0.0,2030
FL,-22681182950.258816,6724894027.142104,774883136.7471857,0.0,0.0,0.0,0.0,2030
MN,-10627997437.275019,2299352053.9488525,11443718.485611,0.0,0.0,0.0,0.0,2030
MS,-4604677060.676779,1311924896.1765137,79523101.14795081,0.0,0.0,0.0,0.0,2030
NH,-2996099335.035801,379567384.03149414,37634678.774445266,0.0,0.0,0.0,0.0,2030
NV,-5638939649.591695,1154149395.8857422,144929327.25051928,0.0,0.0,0.0,0.0,2030
RI,-2104665876.716291,425159499.9526615,16587726.178873321,-2654036.1836854992,2654036.1836854992,0.0,0.0,2030
SD,-1969532609.3240275,491209723.1279297,1591229.5882893777,0.0,0.0,0.0,0.0,2030
TN,-12102111136.372375,3516518365.9422607,177286992.34478545,0.0,0.0,0.0,0.0,2030
TX,-45336631372.28732,14088860615.549065,205764611.84168193,0.0,0.0,0.0,0.0,2030
WA,-13276462928.075344,2526757722.3240967,100606745.41164178,-32769984.29056242,32769984.29056242,0.0,0.0,2030
WI,-12850712719.626024,2969024061.6542053,184065717.56571683,0.0,0.0,0.0,0.0,2030
WY,-1175474148.9673698,158883871.01953125,35834331.01972894,0.0,0.0,0.0,0.0,2030
IN,-12277682166.266695,3165386029.6447425,56494509.27749606,-5649450.978126665,5649451.023837014,0.0,0.04571034945547581,2030
HI,-3221208042.06528,543172990.2259521,86644078.57738003,-34657632.503637284,34657632.56912773,0.0,0.06549044698476791,2030
IL,-18141666675.087208,3869461312.3026123,133562993.78758466,-26712598.44026813,26712599.042352594,0.0,0.6020844653248787,2030
MT,-2436851604.34544,431890482.6287842,7355349.510147288,-1462749.6530956414,1471069.957879105,0.0,8320.304783463478,2030
DE,-2417722079.908266,364320207.6514511,31778161.8015361,-3328171.8761885026,3792450.208629654,0.0,464278.33244115114,2030
KY,-8064460788.68586,1627244941.4789429,42809246.75860418,989894.1999587566,0.0,0.0,989894.1999587566,2030
VT,-1295072348.8522704,274182322.21069336,4230142.712080694,-2423996.0997918164,4230142.712080694,0.0,1806146.6122888774,2030
KS,-6296915491.868899,1517829177.5881348,36810297.947162315,-4102781.360855652,6257750.8682605745,0.0,2154969.5074049225,2030
WV,-3169606026.9714375,729467911.2956543,36594522.66487885,3664414.279497266,0.0,0.0,3664414.279497266,2030
NJ,-13861009451.031036,3452823098.0584717,20921625.811141863,-119112315.76882303,123151395.34005587,0.0,4039079.5712328404,2030
LA,-7455579100.606296,1773202823.4932559,34298294.92663123,2746107.09711402,1714914.8106344726,0.0,4461021.907748492,2030
MA,-9432248447.708141,2811639244.6098633,89631591.61659515,-10959727.679341111,35852637.407123685,0.0,24892909.727782574,2030
OH,-22622853202.28402,6129167776.022441,174961645.85415885,0.0,52488494.79322436,0.0,52488494.79322436,2030
MD,-12025714172.042997,2226461027.4149475,48943814.40087736,13710074.057310505,50786444.670070514,0.0,64496518.72738102,2030
OK,-6996996505.154588,1765082805.5114136,15711611.807259552,-28087937.240269616,0.0,95657529.26712187,67569592.02685225,2030
OR,-8521108206.435076,1699760428.0249329,59785320.51984401,235520905.37736154,5380678.972253811,0.0,240901584.34961534,2030
AL,-8801202677.218323,2662789909.646118,132191378.7491849,269940846.4631633,0.0,0.0,269940846.4631633,2030
VA,-15444231545.461391,3382577943.804249,76226244.61891787,346024927.9254921,-3069214.8008376234,0.0,342955713.1246545,2030
GA,-21247055995.2542,4549055827.7374115,257525940.58524078,352471364.938586,0.0,0.0,352471364.938586,2030
CO,-14272201955.973083,1531841520.0743923,58662147.32104668,-2720307127.1974707,14665536.83026167,0.0,-2705641590.367209,2031
SC,-10375300533.862013,1894839383.9009552,74457377.98947603,-2462565123.961644,93067786.8961932,0.0,-2369497337.065451,2031
MO,-11629530125.037563,2564737979.0456614,23957827.201385397,-2063281816.2261505,4791565.584224213,0.0,-2058490250.641926,2031
UT,-7519564967.509104,1472280539.2734575,86479096.94675428,-2074355884.9999783,17295819.206936147,0.0,-2057060065.7930424,2031
IA,-7768256605.612963,1462873432.1250496,15614486.293627152,-1364284648.259664,2342173.0853377744,0.0,-1361942475.1743262,2031
ID,-4521014335.594814,785934763.277449,21088226.58573808,-1096854919.1368957,0.0,4769692.59090066,-1092085226.545995,2031
ME,-3312625199.857129,470188929.2186279,23378880.442187063,-871422606.2231505,11689440.221093532,0.0,-859733166.002057,2031
NM,-4253293915.683223,848328065.1860104,53738155.209975794,-836299793.6602693,14641472.235004798,0.0,-821658321.4252645,2031
DC,-1622204622.8571491,184011306.5173645,14478763.238653667,-654296883.9220743,65969965.4905006,0.0,-588326918.4315737,2031
NE,-4795244980.070448,704019135.5160522,38513824.81166179,-161125579.4757959,3851382.608270635,0.0,-157274196.86752522,2031
ND,-1917355474.0068457,365322792.19075775,10327414.785898056,-94642000.9300908,0.0,0.0,-94642000.9300908,2031
NC,-22981003396.831963,4327407490.133007,148000656.86650717,-1858702.2044462888,0.0,0.0,-1858702.2044462888,2031
MI,-18274342030.234085,3466003945.278548,195246017.74920988,-58573812.05810391,58573808.52732372,0.0,-3.5307801887393,2031
IL,-28707222632.035965,3760800342.004757,223902793.2451228,-44780562.623247,44780559.12262802,0.0,-3.5006189793348312,2031
PA,-32978535446.67929,5245644326.202992,220850558.02059343,-22085056.447907567,22085056.197185665,0.0,-0.2507219016551971,2031
AK,-1906897806.9188776,347560741.7420044,17837903.338181306,0.0,0.0,0.0,0.0,2031
AR,-6041956404.548574,1390499072.737877,5503268.219292005,0.0,0.0,0.0,0.0,2031
AZ,-13736677843.595352,2949077739.2986937,144959115.0843299,0.0,0.0,0.0,0.0,2031
FL,-49621003979.30143,7752439909.641541,823105416.5100707,0.0,0.0,0.0,0.0,2031
MN,-12663670105.513288,2084465843.5477817,89482632.09374417,0.0,0.0,0.0,0.0,2031
MS,-5586013314.573354,1424887388.0136538,48193927.63331771,0.0,0.0,0.0,0.0,2031
MT,-2557586949.3889856,298826909.93510437,34327885.66294859,-6865577.136501236,6865577.136501236,0.0,0.0,2031
NH,-3672009247.022331,424416034.81541187,24682257.214340113,0.0,0.0,0.0,0.0,2031
NV,-6245333637.3520565,1003948108.3091656,56614112.46810143,0.0,0.0,0.0,0.0,2031
SD,-1963914985.175637,365141330.6479339,6625747.253794134,0.0,0.0,0.0,0.0,2031
TN,-13371055493.227238,2777615952.3315167,59648298.961613886,0.0,0.0,0.0,0.0,2031
TX,-69943181972.05977,23708460511.343857,331950870.8145505,0.0,0.0,0.0,0.0,2031
WA,-19730341189.04352,3509041129.871627,184358973.6703903,-33514205.578249276,33514205.578249276,0.0,0.0,2031
WI,-12993401334.462963,1839895276.5393548,26122816.708083365,0.0,0.0,0.0,0.0,2031
WY,-1611589834.5534143,377387040.3640919,8167172.574154135,0.0,0.0,0.0,0.0,2031
CT,-8451035924.1579075,1378977900.6078355,51993335.93619269,-20797334.30494593,20797334.321514867,0.0,0.016568936407566,2031
HI,-3400654951.588294,553384498.9614258,15286937.60723976,-6114775.097471085,6114775.223085105,0.0,0.1256140200421214,2031
IN,-13588819713.921503,3452776303.69223,63603410.80271636,-6360341.003285186,6360341.151265687,0.0,0.1479805009439587,2031
NY,-42131415382.98044,4744843749.426573,266859343.8200228,-2154599703.3613935,76765987.22165406,2077833765.159352,49.019612312316895,2031
KY,-8063903027.160742,2118593894.8962328,20036055.236668874,15877.387209936976,0.0,0.0,15877.387209936976,2031
CA,-80428362007.02017,14752974636.573824,954792993.2739516,24097.937260534614,0.0,0.0,24097.937260534614,2031
LA,-8330861980.740343,1847558293.9853268,91144348.53344446,-4339020.703341277,4557217.390648667,0.0,218196.68730738945,2031
KS,-6503916750.547018,1343761859.4112473,26219135.18989794,-4220382.735019802,4457253.017217168,0.0,236870.2821973655,2031
RI,-2745874319.5967703,389072819.63350296,44890998.67268107,-6809611.667415943,7182559.708443062,0.0,372948.0410271194,2031
NJ,-16308580501.871391,2459871871.1928496,40016588.19121989,-23417811.498434965,32482013.75227812,0.0,9064202.253843157,2031
WV,-3306717868.5468283,668051224.3408813,28184025.28918787,9756898.263530225,0.0,0.0,9756898.263530225,2031
VT,-1387843039.9434795,160124679.47864094,4407813.0074008815,5997971.684404513,4407813.0074008815,0.0,10405784.691805394,2031
DE,-2378442241.85594,435613384.6769104,13588657.45157242,10824575.936934073,945120.4667694676,0.0,11769696.40370354,2031
MA,-15283134912.40302,2005881059.0720396,14610854.24381261,24570169.03335485,5844341.733903929,0.0,30414510.76725878,2031
OK,-7391975945.721884,1580453959.4082642,57729119.36807516,4562580.19399788,0.0,47882827.96828212,52445408.16228,2031
OH,-21336886078.20121,3729913917.914337,444384045.0508394,0.0,133315219.67941144,0.0,133315219.67941144,2031
MD,-13980348789.234385,1753667685.140797,86942904.81091954,7390811.114247389,129898961.80186918,0.0,137289772.91611657,2031
OR,-8683122465.911789,1042952262.756731,122679481.63548905,260488327.8583088,11041153.55751397,0.0,271529481.41582274,2031
AL,-9889835170.96597,2304747099.5296555,67195712.69478098,311046371.62041366,0.0,0.0,311046371.62041366,2031
GA,-21398227007.20295,3464423742.822571,137104708.92951643,541190802.2249644,0.0,0.0,541190802.2249644,2031
VA,-16736363952.886543,2766224630.149287,26045293.46165115,2022176977.7063253,2055132.3300860613,0.0,2024232110.0364113,2031
CO,-14783730037.29348,1647335789.424982,58770613.1424637,-2793524955.179346,14692653.285615925,0.0,-2778832301.89373,2032
SC,-10768805658.930502,1985482605.145111,74895163.13104498,-2552027125.3812375,93618858.55282584,0.0,-2458408266.8284116,2032
MO,-12132831402.052237,2717003494.256873,23376875.395503372,-2145657999.9167025,4675375.107095674,0.0,-2140982624.8096063,2032
UT,-7836404190.743748,1588994984.761157,85834304.46988435,-2130025640.767773,17166861.126550265,0.0,-2112858779.6412225,2032
IA,-8062281149.150675,1530500924.2150116,16071139.307593044,-1404535819.8473926,2410671.082615465,0.0,-1402125148.7647772,2032
ID,-4701983829.270983,821160185.0973618,21151743.929635793,-1135372652.936886,0.0,4785173.645100594,-1130587479.2917857,2032
ME,-3431565121.5548058,493064000.38879395,23000235.126295373,-892415906.90289,11500117.563147686,0.0,-880915789.3397423,2032
NM,-4393741670.306614,895169965.4374647,51657487.87482641,-870354247.1709436,13953656.432750378,0.0,-856400590.7381933,2032
DC,-1677303617.2880788,196083361.9759369,14719000.37853013,-685728925.2881186,66075134.40859027,0.0,-619653790.8795283,2032
NE,-4971629640.580238,744278666.7763901,38858011.59800575,-163104617.9414841,3885801.2751055257,0.0,-159218816.66637856,2032
ND,-1988824215.5309632,385800567.9168701,10528400.715061111,-100555984.860596,0.0,0.0,-100555984.860596,2032
NC,-23793408235.73368,4532365700.179167,144978937.1937691,-5306227.484213336,0.0,0.0,-5306227.484213336,2032
PA,-34055348544.38688,5555507445.128931,217089259.2461882,-21708929.25689972,21708926.22235461,0.0,-3.0345451161265373,2032
MT,-2651526625.958982,314845299.1417694,33332064.52880657,-6666413.528688632,6666412.9339892045,0.0,-0.594699427485466,2032
AK,-1974386949.2254856,365674002.5841522,18398235.167776942,0.0,0.0,0.0,0.0,2032
AR,-6272062909.95627,1457578446.3840294,4789644.661313323,0.0,0.0,0.0,0.0,2032
AZ,-14296651518.52122,3133679637.4717717,141324624.0568418,0.0,0.0,0.0,0.0,2032
CA,-83953878730.29597,15662832308.31278,939680430.84934,0.0,0.0,0.0,0.0,2032
FL,-51055076466.98282,7921810588.316631,828553746.7941468,0.0,0.0,0.0,0.0,2032
MN,-13148442709.065514,2148728159.4245777,89320989.52372032,0.0,0.0,0.0,0.0,2032
MS,-5801974920.835726,1505621401.5926552,46320533.94721867,0.0,0.0,0.0,0.0,2032
NH,-3786489505.004124,441968313.29194754,25024020.392298657,0.0,0.0,0.0,0.0,2032
NV,-6477636904.210609,1061948679.0480776,56553880.10446358,0.0,0.0,0.0,0.0,2032
SD,-2043433634.462556,383734785.63861847,6804912.4643950965,0.0,0.0,0.0,0.0,2032
TN,-13920039474.59068,2937678320.4195333,60124265.118620306,0.0,0.0,0.0,0.0,2032
TX,-72890751132.8383,24780117244.406902,327035659.3923845,0.0,0.0,0.0,0.0,2032
WA,-20391488028.025543,3713812776.6647887,180502175.42337692,-50634872.16275464,50634872.16275464,0.0,0.0,2032
WI,-13514111442.875622,1949724399.9073005,24905528.098880436,0.0,0.0,0.0,0.0,2032
WY,-1668823870.3410888,392162382.71990776,7977510.729262963,0.0,0.0,0.0,0.0,2032
IN,-14083133488.892496,3631492416.19503,64813257.47840969,-6481325.941599617,6481325.945517927,0.0,0.0039183106273412,2032
CT,-8756902615.259384,1451596810.722877,51547529.98997533,-20619012.2110618,20619012.23797381,0.0,0.0269120074808597,2032
HI,-3526181271.0255938,576813864.3104553,15063963.02247146,-6025585.275037879,6025585.357982416,0.0,0.0829445365816354,2032
IL,-29780317445.069283,3980709048.030916,226448947.28774744,-45289787.969176725,45289789.894285895,0.0,1.9251091703772545,2032
MI,-18994267014.13343,3672229616.300384,195871254.38643277,-58761369.49230194,58761379.33580769,0.0,9.843505747616293,2032
NY,-43851364567.715225,5074876327.236733,270543692.8612815,-2225581158.074841,77859028.38347109,2147722182.026513,52.335143089294434,2032
LA,-8690526480.183767,1967942913.952956,90861905.60224056,-4439116.437735235,4543095.438251486,0.0,103979.00051625072,2032
KY,-8344208436.415919,2221102994.9897766,20180262.265724972,233574.17823866755,0.0,0.0,233574.17823866755,2032
KS,-6746020579.752787,1405793752.4723816,26578498.94180402,-4232234.013825697,4518344.852494627,0.0,286110.83866893034,2032
RI,-2843250446.368062,405573303.4771633,44633385.74749237,-6800356.527221238,7141341.645019613,0.0,340985.11779837497,2032
NJ,-17005221933.97124,2763298777.4898148,40030993.9410593,-25397028.802617013,32880382.56366393,0.0,7483353.761046916,2032
WV,-3451538460.3106956,715573226.9946289,27265643.92306065,9878421.419789802,0.0,0.0,9878421.419789802,2032
VT,-1440918143.58066,166642100.5735119,4058160.785367712,6399928.908525463,4058160.785367712,0.0,10458089.693893176,2032
DE,-2479399356.7609606,458792766.8501282,13965105.710871551,11385757.777202489,947895.5711193542,0.0,12333653.348321844,2032
MA,-15958555006.057283,2198674497.840779,14105969.579056231,25932272.19771667,5642388.014549304,0.0,31574660.212265972,2032
OK,-7649045110.432201,1677096835.1643372,47901046.991385825,4645587.302613278,0.0,50105103.42519867,54750690.72781195,2032
OH,-22130079473.145233,3978708380.8359146,435569639.71813846,0.0,130670895.53929769,0.0,130670895.53929769,2032
MD,-14364167125.629984,1828927355.6297207,86249451.64907561,8601917.486588359,130646942.04869013,0.0,139248859.5352785,2032
OR,-8963476561.019861,1096369579.791975,123568180.24695642,266544777.25121775,11121136.181754496,0.0,277665913.43297225,2032
AL,-10261211623.818323,2438330544.5611954,62775766.38155118,324405200.8691356,0.0,0.0,324405200.8691356,2032
GA,-22288339065.394684,3670339072.343445,131378569.16802216,554339923.6116759,0.0,0.0,554339923.6116759,2032
VA,-17476168550.27094,2918944215.0204444,25260867.448574044,2105007863.5342743,1828639.4657372492,0.0,2106836503.0000117,2032
CO,-15235172612.274014,1656563718.449009,58649253.54766016,-2824377927.1313715,14662313.38691504,0.0,-2809715613.7444563,2033
SC,-11155798754.847795,2012155027.845451,74996399.54366559,-2637908003.002543,93748081.3656704,0.0,-2544159921.6368732,2033
MO,-12571949792.450417,2751783123.376815,22616836.20639992,-2229206494.2660136,4523367.278163728,0.0,-2224683126.9878497,2033
UT,-8089363509.096597,1630255723.5718117,84836205.08384454,-2180335821.3848257,16967241.178897433,0.0,-2163368580.2059283,2033
IA,-8316675742.859423,1553117007.248146,16511931.973377096,-1438473388.7647338,2476789.865146637,0.0,-1435996598.8995872,2033
ID,-4856618449.9097595,829998984.3080822,21148192.23939413,-1171584673.5685637,0.0,4799713.505085707,-1166784960.063478,2033
ME,-3541982416.2826977,501861693.24520874,22752697.24475731,-909491353.5155284,11376348.622378657,0.0,-898115004.8931496,2033
NM,-4529359225.91272,911048207.1585236,50427134.32115329,-903727171.120752,13499200.189214408,0.0,-890227970.9315376,2033
DC,-1729196235.5259013,199918667.59033203,14901397.075521303,-708282009.8966984,66023794.36834988,0.0,-642258215.5283484,2033
NE,-5119055364.399218,750471172.7004852,39327757.06899967,-163786389.53939864,3932775.745226356,0.0,-159853613.7941723,2033
ND,-2047724756.536157,390324607.26698303,10614155.369422436,-106908381.23092195,0.0,0.0,-106908381.23092195,2033
NC,-24589062768.76544,4601044597.535049,140829641.84697813,-10006507.916407565,0.0,0.0,-10006507.916407565,2033
NY,-45357964559.465256,5146758985.287834,273313245.84180117,-2296732981.614621,78679853.58483371,2218053070.7849617,-57.24482583999634,2033
MI,-19659081661.951897,3721262949.023228,195820236.94344416,-58746124.92846619,58746072.261043906,0.0,-52.66742228716612,2033
PA,-35026019353.691505,5581913272.396636,212756174.8994835,-21275618.97169631,21275617.527262293,0.0,-1.444434016942978,2033
MT,-2730615666.914916,314254733.5164337,31822876.326676007,-6364576.163360596,6364575.517145295,0.0,-0.6462153010070324,2033
HI,-3645313282.7388144,590613184.2479248,14398047.017416824,-5759219.007366663,5759218.972108643,0.0,-0.0352580202743411,2033
AK,-2037386895.27291,372290127.0464783,18950672.431880653,0.0,0.0,0.0,0.0,2033
AR,-6485451195.594864,1488565622.2723389,4809947.927478356,0.0,0.0,0.0,0.0,2033
AZ,-14792619484.200283,3206489048.0887547,136664222.19911972,0.0,0.0,0.0,0.0,2033
CA,-87317927497.03131,15952530463.470724,928291642.6538386,0.0,0.0,0.0,0.0,2033
CT,-9019772682.860374,1474885513.161229,51574389.06758258,-20629756.08469123,20629756.08469123,0.0,0.0,2033
FL,-52551579127.45177,7972977015.318092,837568273.4506425,0.0,0.0,0.0,0.0,2033
MN,-13630263890.308643,2164352648.6507173,89497446.70570356,0.0,0.0,0.0,0.0,2033
MS,-5992284664.429756,1530002509.1401348,44316359.04442625,0.0,0.0,0.0,0.0,2033
NH,-3883674605.9255056,439748387.3456559,25193691.28862087,0.0,0.0,0.0,0.0,2033
NV,-6667611339.1863785,1067786549.5028582,56296593.256758474,0.0,0.0,0.0,0.0,2033
SD,-2110222600.890832,389026283.1191559,7024140.539399281,0.0,0.0,0.0,0.0,2033
TN,-14415298988.784988,2976959146.5316467,60424966.8055287,0.0,0.0,0.0,0.0,2033
TX,-75655531194.00572,25389476485.771908,320631087.5234647,0.0,0.0,0.0,0.0,2033
WA,-20990155200.328495,3806866258.3732386,173733466.7767289,-58538554.47861113,58538554.47861113,0.0,0.0,2033
WI,-13899425057.995022,1942816024.0467577,24763165.01812343,0.0,0.0,0.0,0.0,2033
WY,-1719586674.5305803,400533301.7452736,7746303.73237781,0.0,0.0,0.0,0.0,2033
IN,-14554772495.142973,3706487995.27478,65636866.09393102,-6563686.781526355,6563686.823089466,0.0,0.0415631113573908,2033
IL,-30571028430.66078,3936503144.528241,226621288.6056589,-45324258.18581162,45324258.69483788,0.0,0.5090262666344643,2033
LA,-8993579459.861412,2001948050.1680412,90079754.6303446,-4400804.869993921,4503987.730047716,0.0,103182.86005379446,2033
RI,-2934857923.5022335,410148280.6539402,44189122.83049406,-6762898.183397803,7070259.611593181,0.0,307361.4281953778,2033
KS,-6965194402.723984,1426098594.6168213,26870055.80545559,-4234456.222665905,4567909.472127513,0.0,333453.249461608,2033
KY,-8586101418.614696,2260928786.9019775,20257016.502050452,633458.6864776611,0.0,0.0,633458.6864776611,2033
NJ,-17598315160.60302,2925213470.2079415,39724334.26694645,-29333450.490968145,33884369.0508964,0.0,4550918.559928253,2033
WV,-3572514483.2573013,726098209.5481873,27797034.815102935,10059707.900276083,0.0,0.0,10059707.900276083,2033
VT,-1485869759.2044945,167158361.97551516,4020661.1304226033,6517335.646368943,4020661.1304226033,0.0,10537996.776791546,2033
DE,-2577283020.3555417,466165181.71725464,14310640.996956715,11893204.526079744,943085.9664745356,0.0,12836290.49255428,2033
MA,-16587340199.70548,2348200440.878005,13875325.366863731,27242128.238611527,5550130.212063313,0.0,32792258.45067484,2033
OK,-7888615097.552347,1706250627.442459,46113948.53973175,4797141.086558371,0.0,51376989.31361924,56174130.40017761,2033
OH,-22784761739.341057,4009902963.1882706,425670966.3038048,0.0,127701295.17395604,0.0,127701295.17395604,2033
MD,-14681600299.021082,1807548579.5350533,86219432.21964678,8234771.766236991,131156121.8850922,0.0,139390893.6513292,2033
OR,-9214521139.863894,1093094918.964592,123911054.027973,270761741.8213533,11151995.128949232,0.0,281913736.95030254,2033
AL,-10607532485.333569,2476363596.356415,57575267.41416936,336657212.9534459,0.0,0.0,336657212.9534459,2033
GA,-23071318485.747448,3674736122.442215,129538369.6956644,568496486.7259665,0.0,0.0,568496486.7259665,2033
VA,-18083745690.129814,2952371284.0813212,24130909.351465095,2190342353.0192323,1489105.5417885473,0.0,2191831458.561021,2033
CO,-15623389891.385784,1657389190.0742874,58665383.19206271,-2889520006.081197,5866538.251352555,0.0,-2883653467.829844,2034
SC,-11468252712.258364,2002626089.7970047,75394976.35267335,-2725786365.995655,94246392.2573353,0.0,-2631539973.73832,2034
MO,-12923612618.305395,2752108945.2328453,21917457.673005812,-2308510781.668482,4383491.617055476,0.0,-2304127290.0514264,2034
UT,-8335501441.80613,1668070252.0984297,84952038.66108632,-2227566270.1894016,16990407.838379204,0.0,-2210575862.3510222,2034
IA,-8529167327.27849,1546456560.1857605,17007199.381011054,-1477269111.8763828,2551079.913784003,0.0,-1474718031.9625988,2034
ID,-4987581966.72745,826972713.5176078,21214723.19375223,-1208658255.7103844,0.0,4813325.858379602,-1203844929.8520048,2034
NM,-4629986346.27277,913158931.2907066,49370896.20356652,-937492508.2861186,13158680.181168033,0.0,-924333828.1049504,2034
ME,-3633959530.6861057,501190080.28930664,22539840.47441099,-924181749.1602688,11269920.237205494,0.0,-912911828.9230632,2034
DC,-1777546897.5106254,200440092.42404175,15157712.413095623,-731523862.0471193,66069192.110092685,0.0,-665454669.9370266,2034
NE,-5241270799.094678,748531155.8042603,39964288.46733934,-167383420.24505222,3996428.849123061,0.0,-163386991.39592916,2034
ND,-2096864514.3817472,389420273.4925842,10723805.82905708,-113215897.91640168,0.0,0.0,-113215897.91640168,2034
NC,-25199592828.201324,4577166075.868561,137721340.3523039,-14956819.758066766,0.0,0.0,-14956819.758066766,2034
MI,-20185374094.285538,3714347355.520661,196594858.93110865,-58978497.10089561,58978458.585563704,0.0,-38.51533190906048,2034
IL,-31299218578.983437,3907483678.068432,226469849.7350337,-45293972.74757753,45293970.71331564,0.0,-2.034261889755726,2034
PA,-35788827910.042145,5498471110.847954,209310253.6962261,-20931028.029431365,20931026.032041848,0.0,-1.997389517724514,2034
IN,-14871770375.866323,3713371961.2119446,67248776.24181587,-6724877.847017373,6724877.553703465,0.0,-0.2933139083907008,2034
HI,-3741329446.161337,592305392.7200928,13571715.329526275,-5428686.230625924,5428686.179893572,0.0,-0.0507323518395423,2034
CT,-9263664396.520847,1484138061.8331203,51671667.83266768,-20668667.20497905,20668667.17969417,0.0,-0.0252848826348781,2034
AK,-2092555404.999836,372504654.2600708,19546613.762233738,0.0,0.0,0.0,0.0,2034
AR,-6647442393.044118,1488099708.4102323,4847478.835474379,0.0,0.0,0.0,0.0,2034
AZ,-15175448971.569046,3219820816.7935753,132936158.74658476,0.0,0.0,0.0,0.0,2034
CA,-89878108391.6462,15991926170.64928,919134248.3417132,0.0,0.0,0.0,0.0,2034
FL,-53651243424.03946,7771403478.347389,850890789.4162694,0.0,0.0,0.0,0.0,2034
MN,-13989358419.69721,2136890202.4393408,90347171.15433984,0.0,0.0,0.0,0.0,2034
MS,-6116490623.989762,1527834818.1601906,42007776.389512315,0.0,0.0,0.0,0.0,2034
MT,-2801526435.556241,310366746.39956665,30349797.482093163,-6069959.453164274,6069959.453164274,0.0,0.0,2034
NH,-3975442467.6947985,435299036.4508879,25422267.426771455,0.0,0.0,0.0,0.0,2034
NV,-6828763796.985046,1057829624.2319026,56247220.89153032,0.0,0.0,0.0,0.0,2034
SD,-2165385330.1332946,388057725.6708374,7403435.61155376,0.0,0.0,0.0,0.0,2034
TN,-14816011614.6915,2972271111.289215,61097567.04577302,0.0,0.0,0.0,0.0,2034
TX,-77763836190.24286,25487490403.223816,315051351.2744481,0.0,0.0,0.0,0.0,2034
WA,-21464702805.36331,3839372562.201062,168452494.49226433,-66465347.28955898,66465347.28955898,0.0,0.0,2034
WI,-14301986454.98703,1976384045.2393756,24668928.931467406,0.0,0.0,0.0,0.0,2034
WY,-1763746281.613722,399769835.5160217,7553709.20262548,0.0,0.0,0.0,0.0,2034
NY,-46745355953.68002,5147933633.395035,277462656.55667573,-2315339206.746334,79915279.5645966,2235423929.8771605,2.695423126220703,2034
LA,-9241063003.836514,2012033378.2171173,89658317.06749503,-4401262.670225618,4482915.96499088,0.0,81653.29476526193,2034
RI,-3007984680.8366647,407101186.93561935,43731259.42622325,-6726350.264131765,6997001.397842638,0.0,270651.1337108733,2034
KS,-7128896337.584364,1415390456.954399,27230707.140719213,-4245332.336387221,4629220.341777609,0.0,383888.005390388,2034
KY,-8751407019.801113,2260590276.870697,20397827.247183837,1075292.1656570437,0.0,0.0,1075292.1656570437,2034
NJ,-18122284954.513725,3066424079.5441346,39575269.79705575,-28620405.621528637,32793587.14718473,0.0,4173181.525656089,2034
WV,-3673069707.826232,728656876.6415405,28417534.73387749,10325072.125696376,0.0,0.0,10325072.125696376,2034
VT,-1527533234.2093043,165029004.78909528,4000838.5815899703,6603714.149046816,4000838.5815899703,0.0,10604552.730636789,2034
DE,-2654844941.353109,465303563.8031616,14567466.736628618,11954865.32259222,917829.6752778556,0.0,12872694.997870076,2034
MA,-17023019837.107388,2361576443.838067,13721394.571574284,28546213.47467501,5488557.958181939,0.0,34034771.43285695,2034
OK,-8040633371.203064,1703195011.994995,44929552.54254641,-10650921.236451704,0.0,51340178.52627914,40689257.28982744,2034
OH,-23291695703.97425,4017644341.246712,415593546.19330853,0.0,124678070.16275416,0.0,124678070.16275416,2034
MD,-14909007563.979454,1767476397.4795952,86469831.74303499,8019698.415497646,131663978.27861096,0.0,139683676.6941086,2034
OR,-9419632025.772886,1079266432.4047203,123915303.75377348,273072500.41698694,11152377.600169623,0.0,284224878.01715654,2034
AL,-10852510715.793552,2478127224.874222,51366092.26583202,350180828.13076305,0.0,0.0,350180828.13076305,2034
GA,-23671957533.546608,3662131040.6388855,129300734.8193587,583320178.0896357,0.0,0.0,583320178.0896357,2034
VA,-18658697296.21968,2959962083.943371,23169125.587762505,2277571385.9044266,1207280.3484720308,0.0,2278778666.2528987,2034
SC,-11844157256.921734,1995226190.0485456,75101190.79555541,-2822631316.9962163,93875128.24749294,0.0,-2728756188.7487235,2035
CO,-16096894482.02715,1654685793.2841797,58488277.25564664,-2721694320.935029,5848827.8917234875,0.0,-2715845493.0433054,2035
MO,-13367231568.13956,2768952257.3380036,21052387.52770175,-2390982163.9163113,4210477.574302828,0.0,-2386771686.3420086,2035
UT,-8622322198.677467,1713864301.0822845,84750845.79768819,-2289677856.02579,16950169.362468973,0.0,-2272727686.663321,2035
IA,-8777481492.116886,1547529674.7926292,17245158.286282808,-1516028162.5060484,2586773.886770494,0.0,-1513441388.619278,2035
ID,-5134981607.827462,821486216.4113133,21147596.176932976,-1248802940.5306418,0.0,4826036.422308683,-1243976904.108333,2035
NM,-4770863846.4953575,920257944.3739614,47779646.009304985,-973846662.468534,12697721.37534872,0.0,-961148941.0931852,2035
ME,-3744834370.6742353,503075932.36865234,22206079.58989836,-940123381.2448758,11103039.79494918,0.0,-929020341.4499266,2035
DC,-1835853134.068462,204132281.79452515,15350958.516593754,-757571616.6121608,66289505.224157065,0.0,-691282111.3880037,2035
NE,-5387770884.462467,749360328.7585678,40473481.18887246,-169091217.80809826,4047348.186511672,0.0,-165043869.6215866,2035
ND,-2157123832.631922,390950862.03232574,10804377.641918998,-119627302.15315348,0.0,0.0,-119627302.15315348,2035
NC,-25976739705.34376,4557437966.085817,133044141.86440337,-16166738.7806689,0.0,0.0,-16166738.7806689,2035
NY,-48266545905.72589,5188653191.368335,276173570.5487606,-2375768448.1558504,79519776.02911973,2296248550.650736,-121.47599506378174,2035
MI,-20877809927.084793,3717635840.171322,196328449.52402848,-58898552.088051885,58898537.738659754,0.0,-14.349392130970957,2035
PA,-36893814936.588425,5599396747.91707,204773336.6487581,-20477335.044885427,20477333.71563945,0.0,-1.3292459771037102,2035
HI,-3852034245.182559,595448986.0010681,12577685.068744374,-5031074.251400874,5031074.165132744,0.0,-0.0862681297585368,2035
AK,-2157842548.9737473,376073259.19940186,20134947.74501544,0.0,0.0,0.0,0.0,2035
AR,-6851398631.693417,1497293688.2550163,4826096.686381994,0.0,0.0,0.0,0.0,2035
AZ,-15692661393.13781,3265479060.147463,128052139.9988226,0.0,0.0,0.0,0.0,2035
CA,-92826498774.10132,16164073788.0937,903542866.4410222,0.0,0.0,0.0,0.0,2035
CT,-9515409489.666252,1467116219.9188356,51457526.15943181,-20583010.487082675,20583010.487082675,0.0,0.0,2035
FL,-54855101938.785675,7477782959.125938,860672468.0345562,0.0,0.0,0.0,0.0,2035
MN,-14294936896.759926,2076671973.8801188,91351187.53526956,0.0,0.0,0.0,0.0,2035
MS,-6306970305.580969,1538890219.5156317,39284488.4000929,0.0,0.0,0.0,0.0,2035
MT,-2881822733.9446163,301237668.8452301,29097877.65553039,-5819575.508699337,5819575.508699337,0.0,0.0,2035
NH,-4081874162.2906575,431072804.3697764,25531280.896963794,0.0,0.0,0.0,0.0,2035
NV,-7034374222.929321,1049768109.6886766,56024384.366821826,0.0,0.0,0.0,0.0,2035
SD,-2228736995.6605268,382144185.8425979,7850274.495058338,0.0,0.0,0.0,0.0,2035
TN,-15318747975.020617,2967660136.035118,61118906.50591824,0.0,0.0,0.0,0.0,2035
TX,-80357253902.45886,25668561018.49396,307621818.5533465,0.0,0.0,0.0,0.0,2035
WA,-22123130906.857185,3917005140.859797,162143235.38901556,-77093889.71425535,77093889.71425535,0.0,0.0,2035
WI,-14747026262.3482,2002794201.023234,24484994.047628216,0.0,0.0,0.0,0.0,2035
WY,-1820159097.6959417,402791693.4953222,7285016.725416901,0.0,0.0,0.0,0.0,2035
IN,-15346880489.945477,3764724285.7683334,68986370.25291026,-6898637.261808284,6898637.346748391,0.0,0.0849401075392961,2035
IL,-32115788530.309826,3788591822.012666,228360358.27016556,-45672071.40395181,45672073.32354122,0.0,1.9195894077420237,2035
LA,-9560910808.487171,2033243353.6244943,88369339.58159384,-4336598.78689638,4418467.084280955,0.0,81868.29738457501,2035
RI,-3097935538.5462527,407891039.4232635,42965359.740833774,-6649918.759903843,6874457.619125221,0.0,224538.8592213783,2035
KS,-7340971201.345053,1413480702.2058334,27249630.640754316,-4190240.932742241,4632437.316278691,0.0,442196.38353645056,2035
KY,-9002810564.548964,2294708188.9883423,20465383.631152734,1552802.7582598925,0.0,0.0,1552802.7582598925,2035
NJ,-18710290586.216713,3152459098.9588566,39595221.494205974,-29251945.797406044,33175732.84419311,0.0,3923787.046787065,2035
VT,-1573952395.8962178,161605904.08657318,3959279.45272148,6404012.945550874,3959279.45272148,0.0,10363292.398272354,2035
WV,-3802406899.896721,738072671.8527222,28999323.86764318,10613241.45947161,0.0,0.0,10613241.45947161,2035
DE,-2755629954.9934654,467487751.49194336,14807180.581916269,11730906.902510865,886527.439521714,0.0,12617434.342032576,2035
MA,-17519979825.30591,2382142164.7645783,13482265.854902407,29924673.089559108,5392906.393699883,0.0,35317579.48325899,2035
OK,-8273116742.546028,1702830126.337494,43488175.47320138,5899918.412358367,0.0,52049722.0913119,57949640.50367027,2035
OH,-24015433544.874992,4047613169.993889,399866078.4140264,0.0,119959827.04693758,0.0,119959827.04693758,2035
MD,-15277156132.37532,1719002719.296877,86661739.07693085,9677310.333537698,131966582.7908328,0.0,141643893.1243705,2035
OR,-9688479815.69617,1055142479.9344844,123514259.78157654,276242862.88621366,11116283.113152407,0.0,287359145.99936604,2035
AL,-11206997522.300554,2501580626.570877,44732038.11008951,363367013.1638521,0.0,0.0,363367013.1638521,2035
GA,-24363262640.925552,3605276620.0475464,128568704.05093545,453868902.0076047,0.0,0.0,453868902.0076047,2035
VA,-19262798788.548653,2965441792.888811,21924031.75166631,2287450409.773222,870367.3963182095,0.0,2288320777.1695404,2035
